FileName, CommitSha
Hunting/Sample/Bicep/ProofpointPODLargeOutboundEmails.bicep,6b858df02cef019a63055df41b3c4c968d36fa77
Hunting/Sample/Bicep/imProcess_Certutil-LOLBins.bicep,c9c977011ac80c5835b0edb3d0f639176de4f1d3
Parsers/Sample/ARM/NetworkSessionCheckPoint.json,c9e15233abf15375b553d069151c81965c492153
Parsers/Sample/ARM/FileEventMicrosoftSysmonFileCreated.json,a27fe8d001f356462492894be2280bfba30f7884
sentinel-deployment.config,d0176f11505175ced27cc0d3ede6f708fe7e120e
Parsers/Sample/ARM/ProcessEventMicrosoftSysmonTerminate.json,44eaf22673fb6a2e0c4173de94ae60d7d9a82923
Hunting/Sample/ARM/SQL-MultipleFailedLogon_InShortSpan.json,c6c82b52feb50d692d61bcb5f4d08a83df51f5c9
Hunting/Sample/ARM/NewBotAddedToTeams.json,41f0b5c52c2be62be0db85c719ce1097ee436359
Parsers/Sample/ARM/ASimDnsMicrosoftOMS.json,9318295d5790820d3861193aa4dc4a9493c40943
Parsers/Sample/Bicep/ProcessEventMicrosoftSysmonTerminate.bicep,ae24f3869b9051214f632569edbf12eff37bc249
Hunting/Sample/ARM/imProcess_Certutil-LOLBins.json,7b52d417c205c0630de7f4724851c31fe0ef987f
Parsers/Sample/ARM/ASimAuthenticationAWSCloudTrail.json,85d2a90b46d8671dc66122ddc48753ebb007a32d
Parsers/Sample/Bicep/ASimDnsMicrosoftOMS.bicep,42f0e76860d3028a02f078635ad3f0b2f31f36ea
Hunting/Sample/Bicep/Unusual Number of Repository Clones.bicep,1be85aae7cfc5274550940fd64089e9c987dede6
Hunting/Sample/Bicep/NewBotAddedToTeams.bicep,06489b051e9c8d6b307927777a95fb9c947a612b
Hunting/Sample/ARM/Unusual Number of Repository Clones.json,a7fd6e5af17a6a6bb996853436acdccc0be46e07
Parsers/Sample/Bicep/ASimAuthenticationAWSCloudTrail.bicep,923db3c08f09807f96d2853cf14c4d13a46c5b75
Parsers/Sample/Bicep/NetworkSessionCheckPoint.bicep,eff7f2e1c0f0aa37c6bbbaac0a0dacca516cd17d
Parsers/Sample/Bicep/FileEventMicrosoftSysmonFileCreated.bicep,77a3c1a90cdce470f7de53911faecf9ce6ec6142
Hunting/Sample/Bicep/SQL-MultipleFailedLogon_InShortSpan.bicep,d7d859a4442fa023e72feb7f465b936bdf80f879
Hunting/Sample/ARM/ProofpointPODLargeOutboundEmails.json,54e4ec40318f2679453051a79fb0e808fb4cec72

